field_id,fp_id,lab_no,harvest,doy,fb,fb_samlpe,db_sample,db_p,db,C,N,ADF
BG,A06,340,2,178,0.111,56.2,23.95666667,43.35863333,0.0469,43.567,1.326,33.4883
BG,A07,340,2,178,0.071,41.13333333,19.48,47.5224,0.0336,43.8318,1.2314,33.6144
BG,A08,340,2,178,0.162266667,83,37.56666667,45.62083333,0.073,44.1861,1.2249,33.128
BG,A09,340,2,178,0.1596,88.53333333,39.14,44.2972,0.070466667,44.0586,1.1916,33.758
BG,A10,340,2,178,0.112133333,64.33333333,28.13666667,44.2177,0.049166667,43.6668,1.3386,31.9687
