field_id,fp_id,lab_no,harvest,doy,fb,fb_samlpe,db_sample,db_p,db,C,N,ADF
BG,A01,340,1,166,0.154666667,37,15.29333333,41.85523333,0.0636,44.2214,1.4792,32.7816
BG,A02,340,1,166,0.121,36,15.72,43.70406667,0.0529,44.2555,1.3489,33.4036
BG,A03,340,1,166,0.138333333,32.66666667,13.51,41.56286667,0.057766667,44.097,1.355,32.303
BG,A04,340,1,166,0.129333333,39.33333333,16.29,40.94973333,0.053333333,44.0996,1.4221,33.7395
BG,A05,340,1,166,0.264333333,58,21.90333333,38.81763333,0.0989,44.3445,1.4639,33.0177
