"field_id","fp_id","lab_no","harvest","fb","fb_samlpe","db_sample","db_p","db","C","N","ADF"
"BG","A01",340,1,0.154666666666667,37,15.2933333333333,41.8552333333333,0.0636,44.2214,1.4792,32.7816
"BG","A02",340,1,0.121,36,15.72,43.7040666666667,0.0529,44.2555,1.3489,33.4036
"BG","A03",340,1,0.138333333333333,32.6666666666667,13.51,41.5628666666667,0.0577666666666667,44.097,1.355,32.303
"BG","A04",340,1,0.129333333333333,39.3333333333333,16.29,40.9497333333333,0.0533333333333333,44.0996,1.4221,33.7395
"BG","A05",340,1,0.264333333333333,58,21.9033333333333,38.8176333333333,0.0989,44.3445,1.4639,33.0177
