field_id,fp_id,lab_no,harvest,doy,fb,fb_samlpe,db_sample,db_p,db,C,N,ADF
BG,A11,340,3,192,0.264933333,127.7333333,49.96,39.20243333,0.1023,44.1495,1.2079,34.4542
BG,A12,340,3,192,0.216533333,133.9333333,52.95666667,39.8065,0.085633333,43.7554,1.0181,33.5004
BG,A13,340,3,192,0.276266667,149.0666667,63.11,42.51546667,0.117033333,44.0845,1.0723,33.9478
BG,A14,340,3,192,0.3326,163.0666667,70.66666667,43.2252,0.143666667,44.4072,1.0779,34.1614
BG,A15,340,3,192,0.2638,148.2666667,65.26,43.9854,0.1162,44.0147,1.0408,33.8461
