field_id,fp_id,lab_no,harvest,doy,fb,fb_samlpe,db_sample,db_p,db,C,N,ADF
BGL,B11,340,3,192,0.993,246.4,87.78,39.16860112,0.382133333,42.75512071,1.339963565,30.35944359
BGL,B12,340,3,192,0.873466667,207.2666667,74.38333333,38.19796035,0.332966667,42.54363729,1.172805953,32.73997716
BGL,B13,340,3,192,1.3238,367.5333333,114.8933333,34.98211613,0.4619,43.07430349,1.341856256,30.75770742
BGL,B14,340,3,192,0.677933333,156.3333333,57.84,37.6378979,0.253133333,42.34881069,1.209570043,29.32335764
BGL,B15,340,3,192,0.833133333,208.2666667,71.03666667,35.12526079,0.284133333,42.4829221,1.273332874,31.60896715
