"field_id","fp_id","lab_no","harvest","fb","fb_samlpe","db_sample","db_p","db","C","N","ADF"
"BGL","B01",340,1,0.933333333333333,158.333333333333,41.9766666666667,27.6214093866667,0.251033333333333,43.36921328,1.61912575066667,30.9775368266667
"BGL","B02",340,1,1.455,249.333333333333,54.9933333333333,22.5709960366667,0.328233333333333,43.3839992766667,2.07209433466667,28.2887585133333
"BGL","B03",340,1,1.85833333333333,202.333333333333,42.64,22.6280185533333,0.408966666666667,43.28271662,1.90115662133333,30.8434828866667
"BGL","B04",340,1,2.116,267,53.3166666666667,19.33920581,0.394966666666667,43.5117690966667,2.37446788233333,29.08938387
"BGL","B05",340,1,0.98,141,33.1666666666667,25.5464799633333,0.2473,43.3915842033333,1.80992711733333,31.50320065
