field_id,fp_id,lab_no,harvest,doy,fb,fb_samlpe,db_sample,db_p,db,C,N,ADF
BGL,B01,340,1,166,0.933333333,158.3333333,41.97666667,27.62140939,0.251033333,43.36921328,1.619125751,30.97753683
BGL,B02,340,1,166,1.455,249.3333333,54.99333333,22.57099604,0.328233333,43.38399928,2.072094335,28.28875851
BGL,B03,340,1,166,1.858333333,202.3333333,42.64,22.62801855,0.408966667,43.28271662,1.901156621,30.84348289
BGL,B04,340,1,166,2.116,267,53.31666667,19.33920581,0.394966667,43.5117691,2.374467882,29.08938387
BGL,B05,340,1,166,0.98,141,33.16666667,25.54647996,0.2473,43.3915842,1.809927117,31.50320065
