"field_id","fp_id","lab_no","harvest","fb","fb_samlpe","db_sample","db_p","db","C","N","ADF"
"BGL","B11",340,3,0.993,246.4,87.78,39.1686011233333,0.382133333333333,42.7551207066667,1.339963565,30.3594435866667
"BGL","B12",340,3,0.873466666666667,207.266666666667,74.3833333333333,38.1979603466667,0.332966666666667,42.5436372866667,1.172805953,32.7399771566667
"BGL","B13",340,3,1.3238,367.533333333333,114.893333333333,34.98211613,0.4619,43.0743034866667,1.34185625566667,30.7577074166667
"BGL","B14",340,3,0.677933333333333,156.333333333333,57.84,37.6378978966667,0.253133333333333,42.34881069,1.20957004333333,29.3233576433333
"BGL","B15",340,3,0.833133333333333,208.266666666667,71.0366666666667,35.1252607933333,0.284133333333333,42.4829221,1.273332874,31.6089671533333
