field_id,fp_id,lab_no,harvest,doy,fb,fb_samlpe,db_sample,db_p,db,C,N,ADF
BGL,B06,340,2,178,1.0326,274.2,69.32,26.78931388,0.277933333,42.93022434,1.748523341,29.97396754
BGL,B07,340,2,178,0.735,261.2666667,70.51,29.43910344,0.213733333,43.09740737,1.465301829,31.43457852
BGL,B08,340,2,178,0.819533333,214,60.81333333,29.89796241,0.248633333,43.03575542,1.482906807,31.03929814
BGL,B09,340,2,178,1.347333333,368.4,95.36,28.92895204,0.3902,43.06298989,1.65859824,31.97867779
BGL,B10,340,2,178,0.767933333,196.3333333,66.09666667,33.88312604,0.261766667,43.20426745,1.342327843,34.16889281
