"field_id","fp_id","lab_no","harvest","fb","fb_samlpe","db_sample","db_p","db","C","N","ADF"
"GH","C06",340,2,1.06113333333333,183.066666666667,58.8766666666667,32.0581333333333,0.339766666666667,42.6747,1.1686,32.1407
"GH","C07",340,2,0.925533333333333,153.733333333333,49.5366666666667,32.2034333333333,0.298433333333333,43.2662,1.2102,33.495
"GH","C08",340,2,1.0766,197.066666666667,58.34,29.5839666666667,0.319066666666667,42.7915,1.2467,30.212
"GH","C09",340,2,1.13486666666667,168,51.2833333333333,30.361,0.3428,42.8955,1.3305,32.0707
"GH","C10",340,2,1.0226,196.4,64.5,32.7589666666667,0.331,42.7481,1.3246,31.3905
