field_id,fp_id,lab_no,harvest,doy,fb,fb_samlpe,db_sample,db_p,db,C,N,ADF
GH,C06,340,2,178,1.061133333,183.0666667,58.87666667,32.05813333,0.339766667,42.6747,1.1686,32.1407
GH,C07,340,2,178,0.925533333,153.7333333,49.53666667,32.20343333,0.298433333,43.2662,1.2102,33.495
GH,C08,340,2,178,1.0766,197.0666667,58.34,29.58396667,0.319066667,42.7915,1.2467,30.212
GH,C09,340,2,178,1.134866667,168,51.28333333,30.361,0.3428,42.8955,1.3305,32.0707
GH,C10,340,2,178,1.0226,196.4,64.5,32.75896667,0.331,42.7481,1.3246,31.3905
