"field_id","fp_id","lab_no","harvest","fb","fb_samlpe","db_sample","db_p","db","C","N","ADF"
"GH","C01",340,1,1.09333333333333,139,38.21,27.5097666666667,0.2995,43.1018,1.3657,34.0854
"GH","C02",340,1,0.873666666666667,109.333333333333,32.13,29.5929666666667,0.2562,43.6992,1.3383,33.8871
"GH","C03",340,1,1.263,164.666666666667,44.4433333333333,26.9562333333333,0.340466666666667,43.1951,1.2779,32.8416
"GH","C04",340,1,1.09166666666667,125.333333333333,35.1133333333333,28.0455,0.305866666666667,43.3439,1.3106,33.4671
"GH","C05",340,1,0.962666666666667,130.666666666667,37.8533333333333,29.1571666666667,0.279,43.5079,1.317,34.4641
