field_id,fp_id,lab_no,harvest,doy,fb,fb_samlpe,db_sample,db_p,db,C,N,ADF
GH,C01,340,1,166,1.093333333,139,38.21,27.50976667,0.2995,43.1018,1.3657,34.0854
GH,C02,340,1,166,0.873666667,109.3333333,32.13,29.59296667,0.2562,43.6992,1.3383,33.8871
GH,C03,340,1,166,1.263,164.6666667,44.44333333,26.95623333,0.340466667,43.1951,1.2779,32.8416
GH,C04,340,1,166,1.091666667,125.3333333,35.11333333,28.0455,0.305866667,43.3439,1.3106,33.4671
GH,C05,340,1,166,0.962666667,130.6666667,37.85333333,29.15716667,0.279,43.5079,1.317,34.4641
