"field_id","fp_id","lab_no","harvest","fb","fb_samlpe","db_sample","db_p","db","C","N","ADF"
"GH","C11",340,3,1.05206666666667,276.266666666667,98.1366666666667,35.3235,0.3671,42.6575,1.0732,32.8335
"GH","C12",340,3,1.18393333333333,231.466666666667,69.4466666666667,30.0885,0.357,42.7038,0.9724,35.0843
"GH","C13",340,3,0.905666666666667,199.266666666667,73.55,37.6108,0.334166666666667,43.2401,0.95,37.8475
"GH","C14",340,3,1.11273333333333,164.6,56.7266666666667,34.5791666666667,0.378966666666667,42.2022,0.9868,35.6242
"GH","C15",340,3,1.1026,188.933333333333,61.0133333333333,32.5526,0.3565,43.0522,0.9731,36.6214
