field_id,fp_id,lab_no,harvest,doy,fb,fb_samlpe,db_sample,db_p,db,C,N,ADF
GH,C11,340,3,192,1.052066667,276.2666667,98.13666667,35.3235,0.3671,42.6575,1.0732,32.8335
GH,C12,340,3,192,1.183933333,231.4666667,69.44666667,30.0885,0.357,42.7038,0.9724,35.0843
GH,C13,340,3,192,0.905666667,199.2666667,73.55,37.6108,0.334166667,43.2401,0.95,37.8475
GH,C14,340,3,192,1.112733333,164.6,56.72666667,34.57916667,0.378966667,42.2022,0.9868,35.6242
GH,C15,340,3,192,1.1026,188.9333333,61.01333333,32.5526,0.3565,43.0522,0.9731,36.6214
