field_id,fp_id,lab_no,harvest,doy,fb,fb_samlpe,db_sample,db_p,db,C,N,ADF
GHL,D11,340,3,192,0.330733333,176.5333333,71.82666667,41.31420047,0.134933333,42.78224744,1.143596136,30.06168175
GHL,D12,340,3,192,1.150466667,257.9333333,89.47666667,35.42547371,0.404266667,42.9308885,1.485755852,30.50667302
GHL,D13,340,3,192,1.678733333,454.9333333,123.71,28.93759625,0.481766667,42.75044375,1.573482484,30.55782378
GHL,D14,340,3,192,1.334,330.8666667,110.6,34.37580273,0.4513,42.80049469,1.534081342,30.13043912
GHL,D15,340,3,192,1.2228,212,67.52666667,34.78951063,0.421233333,43.04578719,1.506538705,31.32621072
