"field_id","fp_id","lab_no","harvest","fb","fb_samlpe","db_sample","db_p","db","C","N","ADF"
"GHL","D11",340,3,0.330733333333333,176.533333333333,71.8266666666667,41.31420047,0.134933333333333,42.7822474366667,1.143596136,30.0616817466667
"GHL","D12",340,3,1.15046666666667,257.933333333333,89.4766666666667,35.4254737133333,0.404266666666667,42.9308884966667,1.485755852,30.5066730233333
"GHL","D13",340,3,1.67873333333333,454.933333333333,123.71,28.9375962466667,0.481766666666667,42.75044375,1.57348248366667,30.5578237833333
"GHL","D14",340,3,1.334,330.866666666667,110.6,34.3758027333333,0.4513,42.8004946933333,1.53408134233333,30.13043912
"GHL","D15",340,3,1.2228,212,67.5266666666667,34.7895106333333,0.421233333333333,43.04578719,1.50653870533333,31.3262107166667
