"field_id","fp_id","lab_no","harvest","fb","fb_samlpe","db_sample","db_p","db","C","N","ADF"
"GHL","D01",340,1,0.747,155.666666666667,41.52,28.9383104966667,0.206,43.3099627,1.624901237,31.41156571
"GHL","D02",340,1,0.767666666666667,247.666666666667,50.78,23.0187122,0.177133333333333,43.4520031966667,1.814846713,30.2892454666667
"GHL","D03",340,1,1.16766666666667,315.666666666667,71.9666666666667,23.8489281166667,0.266366666666667,43.1657037266667,1.97911799166667,28.2474097766667
"GHL","D04",340,1,1.14633333333333,319.333333333333,73.34,25.9884922966667,0.2952,43.3537311,1.68456087066667,31.12211117
"GHL","D05",340,1,1.409,328.666666666667,67.7866666666667,22.5965800566667,0.318633333333333,43.3611126466667,1.99146821466667,29.4768666066667
