field_id,fp_id,lab_no,harvest,doy,fb,fb_samlpe,db_sample,db_p,db,C,N,ADF
GHL,D06,340,2,178,0.4444,98.8,34.06,34.77847818,0.153233333,43.0757,1.3844,30.2434
GHL,D07,340,2,178,0.869933333,240.4666667,65.15333333,29.37952239,0.248466667,43.0275654,1.549838505,29.32985837
GHL,D08,340,2,178,0.707666667,200.8666667,58.48666667,30.48281031,0.212766667,42.84976899,1.625267672,29.0193658
GHL,D09,340,2,178,1.247066667,359.4666667,95.72666667,27.82812176,0.3482,42.7413048,1.880526757,27.82123059
GHL,D10,340,2,178,1.051666667,298.6666667,83.05666667,31.32548457,0.3265,43.19684862,1.650502297,29.88724302
