"field_id","fp_id","lab_no","harvest","fb","fb_samlpe","db_sample","db_p","db","C","N","ADF"
"GHL","D06",340,2,0.4444,98.8,34.06,34.77847818,0.153233333333333,43.0757,1.3844,30.2434
"GHL","D07",340,2,0.869933333333333,240.466666666667,65.1533333333333,29.3795223933333,0.248466666666667,43.0275654,1.549838505,29.32985837
"GHL","D08",340,2,0.707666666666667,200.866666666667,58.4866666666667,30.4828103066667,0.212766666666667,42.84976899,1.625267672,29.0193658033333
"GHL","D09",340,2,1.24706666666667,359.466666666667,95.7266666666667,27.8281217566667,0.3482,42.7413048033333,1.88052675733333,27.8212305933333
"GHL","D10",340,2,1.05166666666667,298.666666666667,83.0566666666667,31.3254845733333,0.3265,43.19684862,1.65050229733333,29.8872430166667
